type,img,name,link,,,
actor,https://learn-awesome.github.io/assets/people/Emma_Watson.png,Emma Watson,emma-watson-books,,,
actor,https://learn-awesome.github.io/assets/people/Shah_Rukh_Khan.png,Shah Rukh Khan,shah-rukh-khan-books,,,
actor,https://learn-awesome.github.io/assets/people/Jimmy_Fallon.png,Jimmy Fallon,jimmy-fallon-books,,,
actor,https://learn-awesome.github.io/assets/people/Aamir_Khan.png,Aamir Khan,aamir-khan-books,,,
actor,https://learn-awesome.github.io/assets/people/Ashton_Kutcher.png,Ashton Kutcher,ashton-kutcher-books,,,
actor,https://learn-awesome.github.io/assets/people/Hugh_Jackman.png,Hugh Jackman,hugh-jackman-books,,,
actor,https://learn-awesome.github.io/assets/people/Dwayne_Johnson.png,Dwayne Johnson,dwayne-johnson-books,,,
actor,https://learn-awesome.github.io/assets/people/Adam_Savage.png,Adam Savage,adam-savage-books,,,
actor,https://learn-awesome.github.io/assets/people/Seth_Rogen.png,Seth Rogen,seth-rogen-books,,,
actor,https://learn-awesome.github.io/assets/people/Anna_Kendrick.png,Anna Kendrick,anna-kendrick-books,,,
actor,https://learn-awesome.github.io/assets/people/Ben_Stiller.png,Ben Stiller,ben-stiller-books,,,
actor,https://learn-awesome.github.io/assets/people/Arnold_Schwarzenegger.png,Arnold Schwarzenegger,arnold-schwarzenegger-books,,,
actor,https://learn-awesome.github.io/assets/people/Joseph_Gordon-Levitt.png,Joseph Gordon-Levitt,joseph-gordon-levitt-books,,,
actor,https://learn-awesome.github.io/assets/people/Jamie_Foxx.png,Jamie Foxx,jamie-foxx-books,,,
actor,https://learn-awesome.github.io/assets/people/Edward_Norton.png,Edward Norton,edward-norton-books,,,
actor,https://learn-awesome.github.io/assets/people/Jesse_Williams.png,Jesse Williams,jesse-williams-books,,,
actor,https://learn-awesome.github.io/assets/people/Terry_Crews.png,Terry Crews,terry-crews-books,,,
actor,https://learn-awesome.github.io/assets/people/Chloe_Grace_Moretz.png,Chloë Grace Moretz,chloe-grace-moretz-books,,,
actor,https://learn-awesome.github.io/assets/people/B.J._Novak.png,B.J. Novak,bj-novak-books,,,
actor,https://learn-awesome.github.io/assets/people/Jennifer_Lawrence.png,Jennifer Lawrence,jennifer-lawrence-books,,,
actor,https://learn-awesome.github.io/assets/people/Aubrey_Plaza.png,Aubrey Plaza,aubrey-plaza-books,,,
actor,https://learn-awesome.github.io/assets/people/Emilia_Clarke.png,Emilia Clarke,emilia-clarke-books,,,
actor,https://learn-awesome.github.io/assets/people/Richa_Chadha.png,Richa Chadha,richa-chadha-books,,,
actor,https://learn-awesome.github.io/assets/people/Don_Cheadle.png,Don Cheadle,don-cheadle-books,,,
actor,https://learn-awesome.github.io/assets/people/Charlize_Theron.png,Charlize Theron,charlize-theron-books,,,
actor,https://learn-awesome.github.io/assets/people/Will_Smith.png,Will Smith,will-smith-books,,,
actor,https://learn-awesome.github.io/assets/people/Keanu_Reeves.png,Keanu Reeves,keanu-reeves-books,,,
actor,https://learn-awesome.github.io/assets/people/Vince_Vaughn.png,Vince Vaughn,vince-vaughn-books,,,
actor,https://learn-awesome.github.io/assets/people/Jennifer_Aniston.png,Jennifer Aniston,jennifer-aniston-books,,,
actor,https://learn-awesome.github.io/assets/people/Emma_Stone.png,Emma Stone,emma-stone-books,,,
athlete,https://learn-awesome.github.io/assets/people/LeBron_James.png,LeBron James,lebron-james-books,,,
athlete,https://learn-awesome.github.io/assets/people/Maria_Sharapova.png,Maria Sharapova,maria-sharapova-books,,,
athlete,https://learn-awesome.github.io/assets/people/George_Raveling.png,George Raveling,george-raveling-books,,,
athlete,https://learn-awesome.github.io/assets/people/Shaun_White.png,Shaun White,shaun-white-books,,,
athlete,https://learn-awesome.github.io/assets/people/Amelia_Boone.png,Amelia Boone,amelia-boone-books,,,
athlete,https://learn-awesome.github.io/assets/people/Kelly_Slater.png,Kelly Slater,kelly-slater-books,,,
athlete,https://learn-awesome.github.io/assets/people/Turia_Pitt.png,Turia Pitt,turia-pitt-books,,,
athlete,https://learn-awesome.github.io/assets/people/Alex_Honnold.png,Alex Honnold,alex-honnold-books,,,
athlete,https://learn-awesome.github.io/assets/people/Greg_Norman.png,Greg Norman,greg-norman-books,,,
athlete,https://learn-awesome.github.io/assets/people/Ken_Block.png,Ken Block,ken-block-books,,,
athlete,https://learn-awesome.github.io/assets/people/Kyle_Maynard.png,Kyle Maynard,kyle-maynard-books,,,
athlete,https://learn-awesome.github.io/assets/people/Katr%C3%ADn_Dav%C3%AD%C3%B0sd%C3%B3ttir.png,Katrín Davíðsdóttir,katrin-davidsdottir-books,,,
athlete,https://learn-awesome.github.io/assets/people/Ann%C3%ADe_Mist_%C3%9E%C3%B3risd%C3%B3ttir.png,Anníe Mist Þórisdóttir,annie-mist-orisdottir-books,,,
athlete,https://learn-awesome.github.io/assets/people/Dan_Gable.png,Dan Gable,dan-gable-books,,,
athlete,https://learn-awesome.github.io/assets/people/Jon_Call.png,Jon Call,jon-call-books,,,
author,https://learn-awesome.github.io/assets/people/Jordan_Peterson.png,Jordan Peterson,jordan-peterson-books,,,
author,https://learn-awesome.github.io/assets/people/Jocko_Willink.png,Jocko Willink,jocko-willink-books,,,
author,https://learn-awesome.github.io/assets/people/Noam_Chomsky.png,Noam Chomsky,noam-chomsky-books,,,
author,https://learn-awesome.github.io/assets/people/Stewart_Brand.png,Stewart Brand,stewart-brand-books,,,
author,https://learn-awesome.github.io/assets/people/Ben_Shapiro.png,Ben Shapiro,ben-shapiro-books,,,
author,https://learn-awesome.github.io/assets/people/Ryan_Holiday.png,Ryan Holiday,ryan-holiday-books,,,
author,https://learn-awesome.github.io/assets/people/Mr._Money_Mustache.png,Mr. Money Mustache,mr-money-mustache-books,,,
author,https://learn-awesome.github.io/assets/people/Malcolm_Gladwell.png,Malcolm Gladwell,malcolm-gladwell-books,,,
author,https://learn-awesome.github.io/assets/people/Seth_Godin.png,Seth Godin,seth-godin-books,,,
author,https://learn-awesome.github.io/assets/people/Daniel_Pink.png,Daniel Pink,daniel-pink-books,,,
author,https://learn-awesome.github.io/assets/people/Sam_Harris.png,Sam Harris,sam-harris-books,,,
author,https://learn-awesome.github.io/assets/people/Neil_Gaiman.png,Neil Gaiman,neil-gaiman-books,,,
author,https://learn-awesome.github.io/assets/people/Bren%C3%A9_Brown.png,Brené Brown,brene-brown-books,,,
author,https://learn-awesome.github.io/assets/people/Gretchen_Rubin.png,Gretchen Rubin,gretchen-rubin-books,,,
author,https://learn-awesome.github.io/assets/people/Esther_Perel.png,Esther Perel,esther-perel-books,,,
author,https://learn-awesome.github.io/assets/people/Scott_Adams.png,Scott Adams,scott-adams-books,,,
author,https://learn-awesome.github.io/assets/people/Hamilton_Morris.png,Hamilton Morris,hamilton-morris-books,,,
author,https://learn-awesome.github.io/assets/people/Kevin_Kelly.png,Kevin Kelly,kevin-kelly-books,,,
author,https://learn-awesome.github.io/assets/people/Tim_Urban.png,Tim Urban,tim-urban-books,,,
author,https://learn-awesome.github.io/assets/people/Rolf_Potts.png,Rolf Potts,rolf-potts-books,,,
author,https://learn-awesome.github.io/assets/people/Ramit_Sethi.png,Ramit Sethi,ramit-sethi-books,,,
author,https://learn-awesome.github.io/assets/people/Michael_Pollan.png,Michael Pollan,michael-pollan-books,,,
author,https://learn-awesome.github.io/assets/people/Steven_Pinker.png,Steven Pinker,steven-pinker-books,,,
author,https://learn-awesome.github.io/assets/people/Josh_Waitzkin.png,Josh Waitzkin,josh-waitzkin-books,,,
author,https://learn-awesome.github.io/assets/people/Walter_Isaacson.png,Walter Isaacson,walter-isaacson-books,,,
author,https://learn-awesome.github.io/assets/people/Simon_Sinek.png,Simon Sinek,simon-sinek-books,,,
author,https://learn-awesome.github.io/assets/people/Neil_Strauss.png,Neil Strauss,neil-strauss-books,,,
author,https://learn-awesome.github.io/assets/people/Maria_Popova.png,Maria Popova,maria-popova-books,,,
author,https://learn-awesome.github.io/assets/people/Guy_Kawasaki.png,Guy Kawasaki,guy-kawasaki-books,,,
author,https://learn-awesome.github.io/assets/people/Tom_Peters.png,Tom Peters,tom-peters-books,,,
author,https://learn-awesome.github.io/assets/people/Soman_Chainani.png,Soman Chainani,soman-chainani-books,,,
author,https://learn-awesome.github.io/assets/people/Adam_Robinson.png,Adam Robinson,adam-robinson-books,,,
author,https://learn-awesome.github.io/assets/people/Nassim_Nicholas_Taleb.png,Nassim Nicholas Taleb,nassim-nicholas-taleb-books,,,
author,https://learn-awesome.github.io/assets/people/Chip_Conley.png,Chip Conley,chip-conley-books,,,
author,https://learn-awesome.github.io/assets/people/Krista_Tippett.png,Krista Tippett,krista-tippett-books,,,
author,https://learn-awesome.github.io/assets/people/A.J._Jacobs.png,A.J. Jacobs,aj-jacobs-books,,,
author,https://learn-awesome.github.io/assets/people/Ta-Nehisi_Coates.png,Ta-Nehisi Coates,ta-nehisi-coates-books,,,
author,https://learn-awesome.github.io/assets/people/Doris_Kearns_Goodwin.png,Doris Kearns Goodwin,doris-kearns-goodwin-books,,,
author,https://learn-awesome.github.io/assets/people/Jack_Kornfield.png,Jack Kornfield,jack-kornfield-books,,,
author,https://learn-awesome.github.io/assets/people/Jim_Collins.png,Jim Collins,jim-collins-books,,,
author,https://learn-awesome.github.io/assets/people/Deepak_Chopra.png,Deepak Chopra,deepak-chopra-books,,,
author,https://learn-awesome.github.io/assets/people/Dr._Gabor_Mat%C3%A9.png,Dr. Gabor Maté,dr-gabor-mate-books,,,
author,https://learn-awesome.github.io/assets/people/Paul_Stamets.png,Paul Stamets,paul-stamets-books,,,
author,https://learn-awesome.github.io/assets/people/Yuval_Noah_Harari.png,Yuval Noah Harari,yuval-noah-harari-books,,,
author,https://learn-awesome.github.io/assets/people/David_Allen.png,David Allen,david-allen-books,,,
author,https://learn-awesome.github.io/assets/people/Ed_Cooke.png,Ed Cooke,ed-cooke-books,,,
author,https://learn-awesome.github.io/assets/people/Marc_Goodman.png,Marc Goodman,marc-goodman-books,,,
author,https://learn-awesome.github.io/assets/people/Stephen_Dubner.png,Stephen Dubner,stephen-dubner-books,,,
author,https://learn-awesome.github.io/assets/people/Tara_Brach.png,Tara Brach,tara-brach-books,,,
author,https://learn-awesome.github.io/assets/people/Mark_Bittman.png,Mark Bittman,mark-bittman-books,,,
author,https://learn-awesome.github.io/assets/people/Cal_Fussman.png,Cal Fussman,cal-fussman-books,,,
author,https://learn-awesome.github.io/assets/people/Caroline_Paul.png,Caroline Paul,caroline-paul-books,,,
author,https://learn-awesome.github.io/assets/people/Alain_de_Botton.png,Alain de Botton,alain-de-botton-books,,,
author,https://learn-awesome.github.io/assets/people/Susan_Cain.png,Susan Cain,susan-cain-books,,,
author,https://learn-awesome.github.io/assets/people/Cheryl_Strayed.png,Cheryl Strayed,cheryl-strayed-books,,,
author,https://learn-awesome.github.io/assets/people/Jane_McGonigal.png,Jane McGonigal,jane-mcgonigal-books,,,
author,https://learn-awesome.github.io/assets/people/Greg_McKeown.png,Greg McKeown,greg-mckeown-books,,,
author,https://learn-awesome.github.io/assets/people/Suzy_Amis_Cameron.png,Suzy Amis Cameron,suzy-amis-cameron-books,,,
author,https://learn-awesome.github.io/assets/people/Julia_Galef.png,Julia Galef,julia-galef-books,,,
author,https://learn-awesome.github.io/assets/people/Debbie_Millman.png,Debbie Millman,debbie-millman-books,,,
author,https://learn-awesome.github.io/assets/people/Esther_Dyson.png,Esther Dyson,esther-dyson-books,,,
author,https://learn-awesome.github.io/assets/people/Brendan_Moynihan.png,Brendan Moynihan,brendan-moynihan-books,,,
author,https://learn-awesome.github.io/assets/people/Chris_Fussell.png,Chris Fussell,chris-fussell-books,,,
author,https://learn-awesome.github.io/assets/people/Leo_Babauta.png,Leo Babauta,leo-babauta-books,,,
author,https://learn-awesome.github.io/assets/people/Steven_Pressfield.png,Steven Pressfield,steven-pressfield-books,,,
author,https://learn-awesome.github.io/assets/people/Sharon_Salzberg.png,Sharon Salzberg,sharon-salzberg-books,,,
author,https://learn-awesome.github.io/assets/people/Matt_Ridley.png,Matt Ridley,matt-ridley-books,,,
author,https://learn-awesome.github.io/assets/people/Sarah_Lewis.png,Sarah Lewis,sarah-lewis-books,,,
author,https://learn-awesome.github.io/assets/people/James_Fadiman.png,James Fadiman,james-fadiman-books,,,
author,https://learn-awesome.github.io/assets/people/Kristen_Ulmer.png,Kristen Ulmer,kristen-ulmer-books,,,
author,https://learn-awesome.github.io/assets/people/John_Crowley.png,John Crowley,john-crowley-books,,,
author,https://learn-awesome.github.io/assets/people/Aniela_Gregorek.png,Aniela Gregorek,aniela-gregorek-books,,,
author,https://learn-awesome.github.io/assets/people/Ravi_Zacharias.png,Ravi Zacharias,ravi-zacharias-books,,,
author,https://learn-awesome.github.io/assets/people/Abraham_Mutai.png,Abraham Mutai,abraham-mutai-books,,,
author,https://learn-awesome.github.io/assets/people/Dan_Ariely.png,Dan Ariely,dan-ariely-books,,,
author,https://learn-awesome.github.io/assets/people/Marie_Kondo.png,Marie Kondo,marie-kondo-books,,,
author,https://learn-awesome.github.io/assets/people/Ben_Greenfield.png,Ben Greenfield,ben-greenfield-books,,,
author,https://learn-awesome.github.io/assets/people/Aaron_Gleeman.png,Aaron Gleeman,aaron-gleeman-books,,,
billionaire,https://learn-awesome.github.io/assets/people/Bill_Gates.png,Bill Gates,bill-gates-books,,,
billionaire,https://learn-awesome.github.io/assets/people/Donald_Trump.png,Donald Trump,donald-trump-books,,,
billionaire,https://learn-awesome.github.io/assets/people/Oprah_Winfrey.png,Oprah Winfrey,oprah-winfrey-books,,,
billionaire,https://learn-awesome.github.io/assets/people/Elon_Musk.png,Elon Musk,elon-musk-books,,,
billionaire,https://learn-awesome.github.io/assets/people/Ev_Williams.png,Ev Williams,ev-williams-books,,,
billionaire,https://learn-awesome.github.io/assets/people/Patrick_Collison.png,Patrick Collison,patrick-collison-books,,,
billionaire,https://learn-awesome.github.io/assets/people/Richard_Branson.png,Richard Branson,richard-branson-books,,,
billionaire,https://learn-awesome.github.io/assets/people/Keith_Rabois.png,Keith Rabois,keith-rabois-books,,,
billionaire,https://learn-awesome.github.io/assets/people/Marc_Andreessen.png,Marc Andreessen,marc-andreessen-books,,,
billionaire,https://learn-awesome.github.io/assets/people/J.K._Rowling.png,J.K. Rowling,jk-rowling-books,,,
billionaire,https://learn-awesome.github.io/assets/people/Warren_Buffett.png,Warren Buffett,warren-buffett-books,,,
billionaire,https://learn-awesome.github.io/assets/people/Mark_Zuckerberg.png,Mark Zuckerberg,mark-zuckerberg-books,,,
billionaire,https://learn-awesome.github.io/assets/people/Ray_Dalio.png,Ray Dalio,ray-dalio-books,,,
billionaire,https://learn-awesome.github.io/assets/people/Vinod_Khosla.png,Vinod Khosla,vinod-khosla-books,,,
billionaire,https://learn-awesome.github.io/assets/people/Brian_Armstrong.png,Brian Armstrong,brian-armstrong-books,,,
billionaire,https://learn-awesome.github.io/assets/people/Mark_Cuban.png,Mark Cuban,mark-cuban-books,,,
billionaire,https://learn-awesome.github.io/assets/people/Charlie_Munger.png,Charlie Munger,charlie-munger-books,,,
billionaire,https://learn-awesome.github.io/assets/people/Steve_Jobs.png,Steve Jobs,steve-jobs-books,,,
billionaire,https://learn-awesome.github.io/assets/people/Jeff_Bezos.png,Jeff Bezos,jeff-bezos-books,,,
billionaire,https://learn-awesome.github.io/assets/people/Jack_Dorsey.png,Jack Dorsey,jack-dorsey-books,,,
billionaire,https://learn-awesome.github.io/assets/people/Peter_Thiel.png,Peter Thiel,peter-thiel-books,,,
billionaire,https://learn-awesome.github.io/assets/people/Tobi_L%C3%BCtke.png,Tobi Lütke,tobi-lutke-books,,,
billionaire,https://learn-awesome.github.io/assets/people/Dustin_Moskovitz.png,Dustin Moskovitz,dustin-moskovitz-books,,,
billionaire,https://learn-awesome.github.io/assets/people/Ron_Conway.png,Ron Conway,ron-conway-books,,,
billionaire,https://learn-awesome.github.io/assets/people/Larry_Ellison.png,Larry Ellison,larry-ellison-books,,,
billionaire,https://learn-awesome.github.io/assets/people/Eric_Schmidt.png,Eric Schmidt,eric-schmidt-books,,,
billionaire,https://learn-awesome.github.io/assets/people/Marc_Benioff.png,Marc Benioff,marc-benioff-books,,,
billionaire,https://learn-awesome.github.io/assets/people/Drew_Houston.png,Drew Houston,drew-houston-books,,,
billionaire,https://learn-awesome.github.io/assets/people/Daniel_Ek.png,Daniel Ek,daniel-ek-books,,,
billionaire,https://learn-awesome.github.io/assets/people/Chris_Sacca.png,Chris Sacca,chris-sacca-books,,,
billionaire,https://learn-awesome.github.io/assets/people/Larry_Page.png,Larry Page,larry-page-books,,,
billionaire,https://learn-awesome.github.io/assets/people/Howard_Marks.png,Howard Marks,howard-marks-books,,,
billionaire,https://learn-awesome.github.io/assets/people/Reid_Hoffman.png,Reid Hoffman,reid-hoffman-books,,,
billionaire,https://learn-awesome.github.io/assets/people/Kishore_Biyani.png,Kishore Biyani,kishore-biyani-books,,,
billionaire,https://learn-awesome.github.io/assets/people/Kevin_Systrom.png,Kevin Systrom,kevin-systrom-books,,,
billionaire,https://learn-awesome.github.io/assets/people/Michael_Bloomberg.png,Michael Bloomberg,michael-bloomberg-books,,,
billionaire,https://learn-awesome.github.io/assets/people/Vlad_Tenev.png,Vlad Tenev,vlad-tenev-books,,,
billionaire,https://learn-awesome.github.io/assets/people/Brian_Chesky.png,Brian Chesky,brian-chesky-books,,,
billionaire,https://learn-awesome.github.io/assets/people/Reed_Hastings.png,Reed Hastings,reed-hastings-books,,,
billionaire,https://learn-awesome.github.io/assets/people/Charles_Koch.png,Charles Koch,charles-koch-books,,,
billionaire,https://learn-awesome.github.io/assets/people/Evan_Spiegel.png,Evan Spiegel,evan-spiegel-books,,,
billionaire,https://learn-awesome.github.io/assets/people/Travis_Kalanick.png,Travis Kalanick,travis-kalanick-books,,,
billionaire,https://learn-awesome.github.io/assets/people/Mukesh_Ambani.png,Mukesh Ambani,mukesh-ambani-books,,,
billionaire,https://learn-awesome.github.io/assets/people/Craig_Newmark.png,Craig Newmark,craig-newmark-books,,,
billionaire,https://learn-awesome.github.io/assets/people/Ben_Silbermann.png,Ben Silbermann,ben-silbermann-books,,,
billionaire,https://learn-awesome.github.io/assets/people/Howard_Schultz.png,Howard Schultz,howard-schultz-books,,,
billionaire,https://learn-awesome.github.io/assets/people/Sergey_Brin.png,Sergey Brin,sergey-brin-books,,,
billionaire,https://learn-awesome.github.io/assets/people/John_Arnold.png,John Arnold,john-arnold-books,,,
chef,https://learn-awesome.github.io/assets/people/Anthony_Bourdain.png,Anthony Bourdain,anthony-bourdain-books,,,
chef,https://learn-awesome.github.io/assets/people/Samin_Nosrat.png,Samin Nosrat,samin-nosrat-books,,,
chef,https://learn-awesome.github.io/assets/people/Eric_Ripert.png,Eric Ripert,eric-ripert-books,,,
chef,https://learn-awesome.github.io/assets/people/Sam_Kass.png,Sam Kass,sam-kass-books,,,
chef,https://learn-awesome.github.io/assets/people/Nick_Kokonas.png,Nick Kokonas,nick-kokonas-books,,,
chef,https://learn-awesome.github.io/assets/people/Chris_Young.png,Chris Young,chris-young-books,,,
chef,https://learn-awesome.github.io/assets/people/Andrew_Zimmern.png,Andrew Zimmern,andrew-zimmern-books,,,
chef,https://learn-awesome.github.io/assets/people/Joshua_Skenes.png,Joshua Skenes,joshua-skenes-books,,,
comedian,https://learn-awesome.github.io/assets/people/Joe_Rogan.png,Joe Rogan,joe-rogan-books,,,
comedian,https://learn-awesome.github.io/assets/people/Ellen_DeGeneres.png,Ellen DeGeneres,ellen-degeneres-books,,,
comedian,https://learn-awesome.github.io/assets/people/Chelsea_Handler.png,Chelsea Handler,chelsea-handler-books,,,
comedian,https://learn-awesome.github.io/assets/people/Jon_Stewart.png,Jon Stewart,jon-stewart-books,,,
comedian,https://learn-awesome.github.io/assets/people/Bryan_Callen.png,Bryan Callen,bryan-callen-books,,,
comedian,https://learn-awesome.github.io/assets/people/Rainn_Wilson.png,Rainn Wilson,rainn-wilson-books,,,
comedian,https://learn-awesome.github.io/assets/people/Whitney_Cummings.png,Whitney Cummings,whitney-cummings-books,,,
comedian,https://learn-awesome.github.io/assets/people/Joel_McHale.png,Joel McHale,joel-mchale-books,,,
comedian,https://learn-awesome.github.io/assets/people/Patton_Oswalt.png,Patton Oswalt,patton-oswalt-books,,,
comedian,https://learn-awesome.github.io/assets/people/Jerrod_Carmichael.png,Jerrod Carmichael,jerrod-carmichael-books,,,
comedian,https://learn-awesome.github.io/assets/people/Mike_Birbiglia.png,Mike Birbiglia,mike-birbiglia-books,,,
comedian,https://learn-awesome.github.io/assets/people/Margaret_Cho.png,Margaret Cho,margaret-cho-books,,,
comedian,https://learn-awesome.github.io/assets/people/Dave_Chappelle.png,Dave Chappelle,dave-chappelle-books,,,
doctor,https://learn-awesome.github.io/assets/people/Peter_Attia.png,Peter Attia,peter-attia-books,,,
doctor,https://learn-awesome.github.io/assets/people/Stanislav_Grof.png,Stanislav Grof,stanislav-grof-books,,,
doctor,https://learn-awesome.github.io/assets/people/Michael_Gervais.png,Michael Gervais,michael-gervais-books,,,
doctor,https://learn-awesome.github.io/assets/people/Dr._Andrew_Weil.png,Dr. Andrew Weil,dr-andrew-weil-books,,,
doctor,https://learn-awesome.github.io/assets/people/Dan_Engle.png,Dan Engle,dan-engle-books,,,
doctor,https://learn-awesome.github.io/assets/people/Martin_Polanco.png,Martin Polanco,martin-polanco-books,,,
doctor,https://learn-awesome.github.io/assets/people/Dr._Phil_Zimbardo.png,Dr. Phil Zimbardo,dr-phil-zimbardo-books,,,
doctor,https://learn-awesome.github.io/assets/people/Danielle_Teller.png,Danielle Teller,danielle-teller-books,,,
doctor,https://learn-awesome.github.io/assets/people/Navdeep_Chandel.png,Navdeep Chandel,navdeep-chandel-books,,,
entrepreneur,https://learn-awesome.github.io/assets/people/Tim_Ferriss.png,Tim Ferriss,tim-ferriss-books,,,
entrepreneur,https://learn-awesome.github.io/assets/people/Paul_Graham.png,Paul Graham,paul-graham-books,,,
entrepreneur,https://learn-awesome.github.io/assets/people/Aubrey_Marcus.png,Aubrey Marcus,aubrey-marcus-books,,,
entrepreneur,https://learn-awesome.github.io/assets/people/Sam_Altman.png,Sam Altman,sam-altman-books,,,
entrepreneur,https://learn-awesome.github.io/assets/people/Noah_Kagan.png,Noah Kagan,noah-kagan-books,,,
entrepreneur,https://learn-awesome.github.io/assets/people/Tim_O%E2%80%99Reilly.png,Tim O’Reilly,tim-oreilly-books,,,
entrepreneur,https://learn-awesome.github.io/assets/people/Dave_Ramsey.png,Dave Ramsey,dave-ramsey-books,,,
entrepreneur,https://learn-awesome.github.io/assets/people/Matt_Mullenweg.png,Matt Mullenweg,matt-mullenweg-books,,,
entrepreneur,https://learn-awesome.github.io/assets/people/Arianna_Huffington.png,Arianna Huffington,arianna-huffington-books,,,
entrepreneur,https://learn-awesome.github.io/assets/people/Nick_Szabo.png,Nick Szabo,nick-szabo-books,,,
entrepreneur,https://learn-awesome.github.io/assets/people/Caterina_Fake.png,Caterina Fake,caterina-fake-books,,,
entrepreneur,https://learn-awesome.github.io/assets/people/Max_Levchin.png,Max Levchin,max-levchin-books,,,
entrepreneur,https://learn-awesome.github.io/assets/people/Bryan_Johnson.png,Bryan Johnson,bryan-johnson-books,,,
entrepreneur,https://learn-awesome.github.io/assets/people/Derek_Sivers.png,Derek Sivers,derek-sivers-books,,,
entrepreneur,https://learn-awesome.github.io/assets/people/Tony_Robbins.png,Tony Robbins,tony-robbins-books,,,
entrepreneur,https://learn-awesome.github.io/assets/people/Jeff_Atwood.png,Jeff Atwood,jeff-atwood-books,,,
entrepreneur,https://learn-awesome.github.io/assets/people/Ryan_Hoover.png,Ryan Hoover,ryan-hoover-books,,,
entrepreneur,https://learn-awesome.github.io/assets/people/Kevin_Rose.png,Kevin Rose,kevin-rose-books,,,
entrepreneur,https://learn-awesome.github.io/assets/people/Ryan_Petersen.png,Ryan Petersen,ryan-petersen-books,,,
entrepreneur,https://learn-awesome.github.io/assets/people/Kathryn_Minshew.png,Kathryn Minshew,kathryn-minshew-books,,,
entrepreneur,https://learn-awesome.github.io/assets/people/Alexis_Ohanian.png,Alexis Ohanian,alexis-ohanian-books,,,
entrepreneur,https://learn-awesome.github.io/assets/people/David_Heinemeier_Hansson.png,David Heinemeier Hansson,david-heinemeier-hansson-books,,,
entrepreneur,https://learn-awesome.github.io/assets/people/Tristan_Harris.png,Tristan Harris,tristan-harris-books,,,
entrepreneur,https://learn-awesome.github.io/assets/people/Brandon_Stanton.png,Brandon Stanton,brandon-stanton-books,,,
entrepreneur,https://learn-awesome.github.io/assets/people/Neville_Medhora.png,Neville Medhora,neville-medhora-books,,,
entrepreneur,https://learn-awesome.github.io/assets/people/Daymond_John.png,Daymond John,daymond-john-books,,,
entrepreneur,https://learn-awesome.github.io/assets/people/Chase_Jarvis.png,Chase Jarvis,chase-jarvis-books,,,
entrepreneur,https://learn-awesome.github.io/assets/people/Aaron_Levie.png,Aaron Levie,aaron-levie-books,,,
entrepreneur,https://learn-awesome.github.io/assets/people/James_Altucher.png,James Altucher,james-altucher-books,,,
entrepreneur,https://learn-awesome.github.io/assets/people/Chris_Anderson.png,Chris Anderson,chris-anderson-books,,,
entrepreneur,https://learn-awesome.github.io/assets/people/Gary_Vaynerchuk.png,Gary Vaynerchuk,gary-vaynerchuk-books,,,
entrepreneur,https://learn-awesome.github.io/assets/people/DJ_Vlad.png,DJ Vlad,dj-vlad-books,,,
entrepreneur,https://learn-awesome.github.io/assets/people/Scott_Belsky.png,Scott Belsky,scott-belsky-books,,,
entrepreneur,https://learn-awesome.github.io/assets/people/Andrew_Ng.png,Andrew Ng,andrew-ng-books,,,
entrepreneur,https://learn-awesome.github.io/assets/people/Safi_Bahcall.png,Safi Bahcall,safi-bahcall-books,,,
entrepreneur,https://learn-awesome.github.io/assets/people/Ricardo_Semler.png,Ricardo Semler,ricardo-semler-books,,,
entrepreneur,https://learn-awesome.github.io/assets/people/Zooko_Wilcox.png,Zooko Wilcox,zooko-wilcox-books,,,
entrepreneur,https://learn-awesome.github.io/assets/people/Liz_Lambert.png,Liz Lambert,liz-lambert-books,,,
entrepreneur,https://learn-awesome.github.io/assets/people/Demis_Hassabis.png,Demis Hassabis,demis-hassabis-books,,,
entrepreneur,https://learn-awesome.github.io/assets/people/Biz_Stone.png,Biz Stone,biz-stone-books,,,
entrepreneur,https://learn-awesome.github.io/assets/people/Tony_Hsieh.png,Tony Hsieh,tony-hsieh-books,,,
entrepreneur,https://learn-awesome.github.io/assets/people/Laura_R_Walker.png,Laura R Walker,laura-r-walker-books,,,
entrepreneur,https://learn-awesome.github.io/assets/people/Peter_Diamandis.png,Peter Diamandis,peter-diamandis-books,,,
entrepreneur,https://learn-awesome.github.io/assets/people/Jason_Fried.png,Jason Fried,jason-fried-books,,,
entrepreneur,https://learn-awesome.github.io/assets/people/Joe_Gebbia.png,Joe Gebbia,joe-gebbia-books,,,
entrepreneur,https://learn-awesome.github.io/assets/people/Jacqueline_Novogratz.png,Jacqueline Novogratz,jacqueline-novogratz-books,,,
entrepreneur,https://learn-awesome.github.io/assets/people/Jim_Kwik.png,Jim Kwik,jim-kwik-books,,,
entrepreneur,https://learn-awesome.github.io/assets/people/Sophia_Amoruso.png,Sophia Amoruso,sophia-amoruso-books,,,
entrepreneur,https://learn-awesome.github.io/assets/people/Phil_Libin.png,Phil Libin,phil-libin-books,,,
entrepreneur,https://learn-awesome.github.io/assets/people/Jerry_Colonna.png,Jerry Colonna,jerry-colonna-books,,,
entrepreneur,https://learn-awesome.github.io/assets/people/Ryan_Shea.png,Ryan Shea,ryan-shea-books,,,
entrepreneur,https://learn-awesome.github.io/assets/people/M._Sanjayan.png,M. Sanjayan,m-sanjayan-books,,,
entrepreneur,https://learn-awesome.github.io/assets/people/Julie_Rice.png,Julie Rice,julie-rice-books,,,
entrepreneur,https://learn-awesome.github.io/assets/people/Nick_Ganju.png,Nick Ganju,nick-ganju-books,,,
entrepreneur,https://learn-awesome.github.io/assets/people/Michael_McCullough.png,Michael McCullough,michael-mccullough-books,,,
entrepreneur,https://learn-awesome.github.io/assets/people/Andrew_Yang.png,Andrew Yang,andrew-yang-books,,,
entrepreneur,https://learn-awesome.github.io/assets/people/Astro_Teller.png,Astro Teller,astro-teller-books,,,
entrepreneur,https://learn-awesome.github.io/assets/people/Whitney_Wolfe_Herd.png,Whitney Wolfe Herd,whitney-wolfe-herd-books,,,
entrepreneur,https://learn-awesome.github.io/assets/people/Blake_Mycoskie.png,Blake Mycoskie,blake-mycoskie-books,,,
entrepreneur,https://learn-awesome.github.io/assets/people/Luis_von_Ahn.png,Luis von Ahn,luis-von-ahn-books,,,
entrepreneur,https://learn-awesome.github.io/assets/people/Aaron_Nagler.png,Aaron Nagler,aaron-nagler-books,,,
entrepreneur,https://learn-awesome.github.io/assets/people/Muna_AbuSulayman.png,Muna AbuSulayman,muna-abusulayman-books,,,
entrepreneur,https://learn-awesome.github.io/assets/people/Cindy_Eckert.png,Cindy Eckert,cindy-eckert-books,,,
entrepreneur,https://learn-awesome.github.io/assets/people/Bob_Metcalfe.png,Bob Metcalfe,bob-metcalfe-books,,,
entrepreneur,https://learn-awesome.github.io/assets/people/Ed_Catmull.png,Ed Catmull,ed-catmull-books,,,
entrepreneur,https://learn-awesome.github.io/assets/people/Tracy_DiNunzio.png,Tracy DiNunzio,tracy-dinunzio-books,,,
entrepreneur,https://learn-awesome.github.io/assets/people/Marie_Forleo.png,Marie Forleo,marie-forleo-books,,,
entrepreneur,https://learn-awesome.github.io/assets/people/Samy_Kamkar.png,Samy Kamkar,samy-kamkar-books,,,
entrepreneur,https://learn-awesome.github.io/assets/people/Fedor_Holz.png,Fedor Holz,fedor-holz-books,,,
entrepreneur,https://learn-awesome.github.io/assets/people/Terry_Laughlin.png,Terry Laughlin,terry-laughlin-books,,,
entrepreneur,https://learn-awesome.github.io/assets/people/Bill_Rasmussen.png,Bill Rasmussen,bill-rasmussen-books,,,
entrepreneur,https://learn-awesome.github.io/assets/people/Strauss_Zelnick.png,Strauss Zelnick,strauss-zelnick-books,,,
entrepreneur,https://learn-awesome.github.io/assets/people/Murray_Carter.png,Murray Carter,murray-carter-books,,,
executive,https://learn-awesome.github.io/assets/people/Bob_Iger.png,Bob Iger,bob-iger-books,,,
executive,https://learn-awesome.github.io/assets/people/Frank_Blake.png,Frank Blake,frank-blake-books,,,
executive,https://learn-awesome.github.io/assets/people/Dick_Costolo.png,Dick Costolo,dick-costolo-books,,,
executive,https://learn-awesome.github.io/assets/people/Doug_McMillon.png,Doug McMillon,doug-mcmillon-books,,,
executive,https://learn-awesome.github.io/assets/people/Bozoma_Saint_John.png,Bozoma Saint John,bozoma-saint-john-books,,,
executive,https://learn-awesome.github.io/assets/people/Geoff_Ralston.png,Geoff Ralston,geoff-ralston-books,,,
filmmaker,https://learn-awesome.github.io/assets/people/Brian_Koppelman.png,Brian Koppelman,brian-koppelman-books,,,
filmmaker,https://learn-awesome.github.io/assets/people/Casey_Neistat.png,Casey Neistat,casey-neistat-books,,,
filmmaker,https://learn-awesome.github.io/assets/people/David_Lynch.png,David Lynch,david-lynch-books,,,
filmmaker,https://learn-awesome.github.io/assets/people/Jason_Silva.png,Jason Silva,jason-silva-books,,,
filmmaker,https://learn-awesome.github.io/assets/people/Jon_Favreau.png,Jon Favreau,jon-favreau-books,,,
filmmaker,https://learn-awesome.github.io/assets/people/Darren_Aronofsky.png,Darren Aronofsky,darren-aronofsky-books,,,
filmmaker,https://learn-awesome.github.io/assets/people/James_Cameron.png,James Cameron,james-cameron-books,,,
filmmaker,https://learn-awesome.github.io/assets/people/Guillermo_del_Toro.png,Guillermo del Toro,guillermo-del-toro-books,,,
filmmaker,https://learn-awesome.github.io/assets/people/Jimmy_Chin.png,Jimmy Chin,jimmy-chin-books,,,
filmmaker,https://learn-awesome.github.io/assets/people/Sebastian_Junger.png,Sebastian Junger,sebastian-junger-books,,,
filmmaker,https://learn-awesome.github.io/assets/people/Robert_Rodriguez.png,Robert Rodriguez,robert-rodriguez-books,,,
filmmaker,https://learn-awesome.github.io/assets/people/Morgan_Spurlock.png,Morgan Spurlock,morgan-spurlock-books,,,
fitness-expert,https://learn-awesome.github.io/assets/people/Charles_Poliquin.png,Charles Poliquin,charles-poliquin-books,,,
fitness-expert,https://learn-awesome.github.io/assets/people/Laird_Hamilton.png,Laird Hamilton,laird-hamilton-books,,,
fitness-expert,https://learn-awesome.github.io/assets/people/Kelly_Starrett.png,Kelly Starrett,kelly-starrett-books,,,
fitness-expert,https://learn-awesome.github.io/assets/people/Pavel_Tsatsouline.png,Pavel Tsatsouline,pavel-tsatsouline-books,,,
fitness-expert,https://learn-awesome.github.io/assets/people/Dave_Camarillo.png,Dave Camarillo,dave-camarillo-books,,,
fitness-expert,https://learn-awesome.github.io/assets/people/Ryan_Flaherty.png,Ryan Flaherty,ryan-flaherty-books,,,
fitness-expert,https://learn-awesome.github.io/assets/people/Mark_Bell.png,Mark Bell,mark-bell-books,,,
fitness-expert,https://learn-awesome.github.io/assets/people/Joe_De_Sena.png,Joe De Sena,joe-de-sena-books,,,
fitness-expert,https://learn-awesome.github.io/assets/people/Travis_Brewer.png,Travis Brewer,travis-brewer-books,,,
fitness-expert,https://learn-awesome.github.io/assets/people/Art_De_Vany.png,Art De Vany,art-de-vany-books,,,
fitness-expert,https://learn-awesome.github.io/assets/people/Jerzy_Gregorek.png,Jerzy Gregorek,jerzy-gregorek-books,,,
fitness-expert,https://learn-awesome.github.io/assets/people/Dr._Martin_Gibala.png,Dr. Martin Gibala,dr-martin-gibala-books,,,
fitness-expert,https://learn-awesome.github.io/assets/people/Dorian_Yates.png,Dorian Yates,dorian-yates-books,,,
fitness-expert,https://learn-awesome.github.io/assets/people/Brian_MacKenzie.png,Brian MacKenzie,brian-mackenzie-books,,,
fitness-expert,https://learn-awesome.github.io/assets/people/Gabby_Reece.png,Gabby Reece,gabby-reece-books,,,
fitness-expert,https://learn-awesome.github.io/assets/people/Christopher_Sommer.png,Christopher Sommer,christopher-sommer-books,,,
fitness-expert,https://learn-awesome.github.io/assets/people/Jason_Nemer.png,Jason Nemer,jason-nemer-books,,,
fitness-expert,https://learn-awesome.github.io/assets/people/Jason_Khalipa.png,Jason Khalipa,jason-khalipa-books,,,
investor,https://learn-awesome.github.io/assets/people/Naval_Ravikant.png,Naval Ravikant,naval-ravikant-books,,,
investor,https://learn-awesome.github.io/assets/people/Eric_Weinstein.png,Eric Weinstein,eric-weinstein-books,,,
investor,https://learn-awesome.github.io/assets/people/Ben_Horowitz.png,Ben Horowitz,ben-horowitz-books,,,
investor,https://learn-awesome.github.io/assets/people/Jason_Calacanis.png,Jason Calacanis,jason-calacanis-books,,,
investor,"https://learn-awesome.github.io/assets/people/Mike_Maples,_Jr..png","Mike Maples, Jr.",mike-maples-jr-books,,,
investor,https://learn-awesome.github.io/assets/people/Graham_Duncan.png,Graham Duncan,graham-duncan-books,,,
investor,https://learn-awesome.github.io/assets/people/Steve_Jurvetson.png,Steve Jurvetson,steve-jurvetson-books,,,
investor,https://learn-awesome.github.io/assets/people/Peter_Mallouk.png,Peter Mallouk,peter-mallouk-books,,,
investor,https://learn-awesome.github.io/assets/people/Ann_Miura-Ko.png,Ann Miura-Ko,ann-miura-ko-books,,,
investor,https://learn-awesome.github.io/assets/people/Andrew_Chen.png,Andrew Chen,andrew-chen-books,,,
investor,https://learn-awesome.github.io/assets/people/Mark_Hart.png,Mark Hart,mark-hart-books,,,
investor,https://learn-awesome.github.io/assets/people/Bill_Gurley.png,Bill Gurley,bill-gurley-books,,,
investor,https://learn-awesome.github.io/assets/people/Elad_Gil.png,Elad Gil,elad-gil-books,,,
investor,https://learn-awesome.github.io/assets/people/Alfred_Lin.png,Alfred Lin,alfred-lin-books,,,
investor,https://learn-awesome.github.io/assets/people/Adam_Fisher.png,Adam Fisher,adam-fisher-books,,,
journalist,https://learn-awesome.github.io/assets/people/Anderson_Cooper.png,Anderson Cooper,anderson-cooper-books,,,
journalist,https://learn-awesome.github.io/assets/people/Fareed_Zakaria.png,Fareed Zakaria,fareed-zakaria-books,,,
journalist,https://learn-awesome.github.io/assets/people/Ezra_Klein.png,Ezra Klein,ezra-klein-books,,,
journalist,https://learn-awesome.github.io/assets/people/Lisa_Ling.png,Lisa Ling,lisa-ling-books,,,
journalist,https://learn-awesome.github.io/assets/people/Kara_Swisher.png,Kara Swisher,kara-swisher-books,,,
journalist,https://learn-awesome.github.io/assets/people/Nick_Thompson.png,Nick Thompson,nick-thompson-books,,,
journalist,https://learn-awesome.github.io/assets/people/Katie_Couric.png,Katie Couric,katie-couric-books,,,
journalist,https://learn-awesome.github.io/assets/people/Joel_Stein.png,Joel Stein,joel-stein-books,,,
model,https://learn-awesome.github.io/assets/people/Karlie_Kloss.png,Karlie Kloss,karlie-kloss-books,,,
model,https://learn-awesome.github.io/assets/people/Emily_Ratajkowski.png,Emily Ratajkowski,emily-ratajkowski-books,,,
musician,https://learn-awesome.github.io/assets/people/Taylor_Swift.png,Taylor Swift,taylor-swift-books,,,
musician,https://learn-awesome.github.io/assets/people/Ariana_Grande.png,Ariana Grande,ariana-grande-books,,,
musician,https://learn-awesome.github.io/assets/people/Selena_Gomez.png,Selena Gomez,selena-gomez-books,,,
musician,https://learn-awesome.github.io/assets/people/Alicia_Keys.png,Alicia Keys,alicia-keys-books,,,
musician,https://learn-awesome.github.io/assets/people/Diddy.png,Diddy,diddy-books,,,
musician,https://learn-awesome.github.io/assets/people/Big_Sean.png,Big Sean,big-sean-books,,,
musician,https://learn-awesome.github.io/assets/people/John_Legend.png,John Legend,john-legend-books,,,
musician,https://learn-awesome.github.io/assets/people/J._Cole.png,J. Cole,j-cole-books,,,
musician,https://learn-awesome.github.io/assets/people/Dave_Elitch.png,Dave Elitch,dave-elitch-books,,,
musician,https://learn-awesome.github.io/assets/people/Steve_Aoki.png,Steve Aoki,steve-aoki-books,,,
musician,https://learn-awesome.github.io/assets/people/Amanda_Palmer.png,Amanda Palmer,amanda-palmer-books,,,
musician,https://learn-awesome.github.io/assets/people/Donald_Glover.png,Donald Glover,donald-glover-books,,,
musician,https://learn-awesome.github.io/assets/people/Carlos_Santana.png,Carlos Santana,carlos-santana-books,,,
musician,https://learn-awesome.github.io/assets/people/Mike_Shinoda.png,Mike Shinoda,mike-shinoda-books,,,
musician,https://learn-awesome.github.io/assets/people/Rick_Rubin.png,Rick Rubin,rick-rubin-books,,,
musician,https://learn-awesome.github.io/assets/people/Justin_Boreta.png,Justin Boreta,justin-boreta-books,,,
musician,https://learn-awesome.github.io/assets/people/Bob_Dylan.png,Bob Dylan,bob-dylan-books,,,
musician,,Kaskade,kaskade-books,,,
musician,https://learn-awesome.github.io/assets/people/Amy_Winehouse.png,Amy Winehouse,amy-winehouse-books,,,
musician,https://learn-awesome.github.io/assets/people/Nicholas_McCarthy.png,Nicholas McCarthy,nicholas-mccarthy-books,,,
other,https://learn-awesome.github.io/assets/people/Khlo%C3%A9_Kardashian.png,Khloé Kardashian,khloe-kardashian-books,,,
other,https://learn-awesome.github.io/assets/people/David_Blaine.png,David Blaine,david-blaine-books,,,
other,https://learn-awesome.github.io/assets/people/Dita_Von_Teese.png,Dita Von Teese,dita-von-teese-books,,,
other,https://learn-awesome.github.io/assets/people/Shay_Carl.png,Shay Carl,shay-carl-books,,,
other,https://learn-awesome.github.io/assets/people/Liv_Boeree.png,Liv Boeree,liv-boeree-books,,,
other,https://learn-awesome.github.io/assets/people/Ayaan_Hirsi_Ali.png,Ayaan Hirsi Ali,ayaan-hirsi-ali-books,,,
other,https://learn-awesome.github.io/assets/people/Ed_Zschau.png,Ed Zschau,ed-zschau-books,,,
other,https://learn-awesome.github.io/assets/people/Wim_Hof.png,Wim Hof,wim-hof-books,,,
other,https://learn-awesome.github.io/assets/people/Will_MacAskill.png,Will MacAskill,will-macaskill-books,,,
other,https://learn-awesome.github.io/assets/people/Alice_Little.png,Alice Little,alice-little-books,,,
other,https://learn-awesome.github.io/assets/people/Maurice_Ashley.png,Maurice Ashley,maurice-ashley-books,,,
other,https://learn-awesome.github.io/assets/people/J%C3%A9r%C3%B4me_Jarre.png,Jérôme Jarre,jerome-jarre-books,,,
other,https://learn-awesome.github.io/assets/people/Ed_Latimore.png,Ed Latimore,ed-latimore-books,,,
other,https://learn-awesome.github.io/assets/people/Vlad_Zamfir.png,Vlad Zamfir,vlad-zamfir-books,,,
other,https://learn-awesome.github.io/assets/people/David_Copperfield.png,David Copperfield,david-copperfield-books,,,
other,https://learn-awesome.github.io/assets/people/Brendan_Schaub.png,Brendan Schaub,brendan-schaub-books,,,
other,https://learn-awesome.github.io/assets/people/Jonathan_Sacks.png,Jonathan Sacks,jonathan-sacks-books,,,
other,https://learn-awesome.github.io/assets/people/Daniel_Negreanu.png,Daniel Negreanu,daniel-negreanu-books,,,
other,https://learn-awesome.github.io/assets/people/Richard_Betts.png,Richard Betts,richard-betts-books,,,
other,https://learn-awesome.github.io/assets/people/Adam_Sessler.png,Adam Sessler,adam-sessler-books,,,
other,https://learn-awesome.github.io/assets/people/Stanley_McChrystal.png,Stanley McChrystal,stanley-mcchrystal-books,,,
other,https://learn-awesome.github.io/assets/people/Sid_Meier.png,Sid Meier,sid-meier-books,,,
other,https://learn-awesome.github.io/assets/people/Mike_Phillips.png,Mike Phillips,mike-phillips-books,,,
politician,https://learn-awesome.github.io/assets/people/Barack_Obama.png,Barack Obama,barack-obama-books,,,
politician,https://learn-awesome.github.io/assets/people/Hillary_Clinton.png,Hillary Clinton,hillary-clinton-books,,,
politician,https://learn-awesome.github.io/assets/people/Michelle_Obama.png,Michelle Obama,michelle-obama-books,,,
politician,https://learn-awesome.github.io/assets/people/Bill_Clinton.png,Bill Clinton,bill-clinton-books,,,
politician,https://learn-awesome.github.io/assets/people/Alexandria_Ocasio-Cortez.png,Alexandria Ocasio-Cortez,alexandria-ocasio-cortez-books,,,
politician,https://learn-awesome.github.io/assets/people/Cory_Booker.png,Cory Booker,cory-booker-books,,,
politician,https://learn-awesome.github.io/assets/people/Elizabeth_Warren.png,Elizabeth Warren,elizabeth-warren-books,,,
politician,https://learn-awesome.github.io/assets/people/Al_Gore.png,Al Gore,al-gore-books,,,
politician,https://learn-awesome.github.io/assets/people/George_Bush.png,George Bush,george-bush-books,,,
producer,https://learn-awesome.github.io/assets/people/Larry_King.png,Larry King,larry-king-books,,,
producer,https://learn-awesome.github.io/assets/people/Mike_Rowe.png,Mike Rowe,mike-rowe-books,,,
producer,https://learn-awesome.github.io/assets/people/Judd_Apatow.png,Judd Apatow,judd-apatow-books,,,
producer,https://learn-awesome.github.io/assets/people/Evan_Goldberg.png,Evan Goldberg,evan-goldberg-books,,,
producer,https://learn-awesome.github.io/assets/people/Glenn_Beck.png,Glenn Beck,glenn-beck-books,,,
producer,https://learn-awesome.github.io/assets/people/Veronica_Belmont.png,Veronica Belmont,veronica-belmont-books,,,
producer,https://learn-awesome.github.io/assets/people/Bear_Grylls.png,Bear Grylls,bear-grylls-books,,,
producer,https://learn-awesome.github.io/assets/people/Tommy_Vietor.png,Tommy Vietor,tommy-vietor-books,,,
producer,https://learn-awesome.github.io/assets/people/Phil_Keoghan.png,Phil Keoghan,phil-keoghan-books,,,
producer,https://learn-awesome.github.io/assets/people/Alex_Blumberg.png,Alex Blumberg,alex-blumberg-books,,,
producer,https://learn-awesome.github.io/assets/people/Brian_Grazer.png,Brian Grazer,brian-grazer-books,,,
scientist,https://learn-awesome.github.io/assets/people/Neil_deGrasse_Tyson.png,Neil deGrasse Tyson,neil-degrasse-tyson-books,,,
scientist,https://learn-awesome.github.io/assets/people/Donald_Knuth.png,Donald Knuth,donald-knuth-books,,,
scientist,https://learn-awesome.github.io/assets/people/Bill_Nye.png,Bill Nye,bill-nye-books,,,
scientist,https://learn-awesome.github.io/assets/people/Lewis_Cantley.png,Lewis Cantley,lewis-cantley-books,,,
scientist,https://learn-awesome.github.io/assets/people/Alan_Kay.png,Alan Kay,alan-kay-books,,,
scientist,https://learn-awesome.github.io/assets/people/Lex_Fridman.png,Lex Fridman,lex-fridman-books,,,
scientist,https://learn-awesome.github.io/assets/people/Jonathan_Eisen.png,Jonathan Eisen,jonathan-eisen-books,,,
scientist,https://learn-awesome.github.io/assets/people/Brian_Cox.png,Brian Cox,brian-cox-books,,,
scientist,https://learn-awesome.github.io/assets/people/Dominic_D'Agostino.png,Dominic D'Agostino,dominic-dagostino-books,,,
scientist,https://learn-awesome.github.io/assets/people/Jeff_Dean.png,Jeff Dean,jeff-dean-books,,,
scientist,https://learn-awesome.github.io/assets/people/Adam_Gazzaley.png,Adam Gazzaley,adam-gazzaley-books,,,
scientist,https://learn-awesome.github.io/assets/people/Patrick_Arnold.png,Patrick Arnold,patrick-arnold-books,,,
scientist,https://learn-awesome.github.io/assets/people/David_Sabatini.png,David Sabatini,david-sabatini-books,,,
scientist,https://learn-awesome.github.io/assets/people/Lisa_Randall.png,Lisa Randall,lisa-randall-books,,,